County,FIPS,Name,StartMonthJan,StartMonthFeb,StartMonthMar,StartMonthApr,StartMonthMay,StartMonthJun,StartMonthJul,StartMonthAug,StartMonthSept,StartMonthOct,StartMonthNov,StartMonthDec,StartYear2013,StartYear2014,StartYear2015,StartYear2016,StartYear2017,StartHour0,StartHour1,StartHour2,StartHour3,StartHour4,StartHour5,StartHour6,StartHour7,StartHour8,StartHour9,StartHour10,StartHour11,StartHour12,StartHour13,StartHour14,StartHour15,StartHour16,StartHour17,StartHour18,StartHour19,StartHour20,StartHour21,StartHour22,StartHour23,StartDayMon,StartDayTues,StartDayWed,StartDayThurs,StartDayFri,StartDaySat,StartDaySun,depressed_raw,suicidal_thoughts_raw,self_harm_raw,third_party_raw,abuse_physical_raw,abuse_sexual_raw,anxiety_raw,bereavement_raw,bully_raw,eating_raw,family_raw,friend_raw,gender_lgbtq_raw,isolated_raw,medical_raw,other_raw,relationship_raw,stress_raw,substance_abuse_raw,financial_raw,mental_raw,none_raw,work_raw,testing_raw,abuse_emotional_raw,domestic_violence_raw,military_raw,school_raw,election_raw,homeless_raw,homicide_raw,medication_raw,psychiatric_hospitalization_raw,therapist_psychiatrist_raw,sexual_assault_raw,suicidal_desire_raw,suicidal_intent_raw,suicidal_capability_raw,suicidal_timeframe_raw,active_rescue_raw,mandatory_report_raw,Convo_length_min_MEAN,Convo_length_min_MEDIAN,Convo_length_min_MIN,Convo_length_min_MAX,convo,NumConvos_MEAN,NumConvos_MEDIAN,NumConvos_MIN,NumConvos_MAX,FirstToLastConvoMin_MEAN,FirstToLastConvoMin_MEDIAN,FirstToLastConvoMin_MIN,FirstToLastConvoMin_MAX,FirstToLastConvoHours_MEAN,FirstToLastConvoHours_MEDIAN,FirstToLastConvoHours_MIN,FirstToLastConvoHours_MAX,FirstToLastConvoDays_MEAN,FirstToLastConvoDays_MEDIAN,FirstToLastConvoDays_MIN,FirstToLastConvoDays_MAX,actor_meanlength_min,NumIssues_MEAN,NumIssues_MEDIAN,NumIssues_MIN,NumIssues_MAX,abuse_emotional_EVER_SUM,abuse_physical_EVER_SUM,abuse_sexual_EVER_SUM,anxiety_EVER_SUM,bereavement_EVER_SUM,bully_EVER_SUM,depressed_EVER_SUM,domestic_violence_EVER_SUM,eating_EVER_SUM,election_EVER_SUM,family_EVER_SUM,financial_EVER_SUM,friend_EVER_SUM,gender_lgbtq_EVER_SUM,homeless_EVER_SUM,homicide_EVER_SUM,isolated_EVER_SUM,medical_EVER_SUM,medication_EVER_SUM,mental_EVER_SUM,military_EVER_SUM,other_EVER_SUM,psychiatric_hospitalization_EVER_SUM,relationship_EVER_SUM,school_EVER_SUM,self_harm_EVER_SUM,sexual_assault_EVER_SUM,stress_EVER_SUM,substance_abuse_EVER_SUM,suicidal_capability_EVER_SUM,suicidal_desire_EVER_SUM,suicidal_intent_EVER_SUM,suicidal_thoughts_EVER_SUM,suicidal_timeframe_EVER_SUM,therapist_psychiatrist_EVER_SUM,work_EVER_SUM,UndupNumIssues_MEAN,UndupNumIssues_MEDIAN,UndupNumIssues_MIN,UndupNumIssues_MAX,Stigma_MEAN,Stigma_MEDIAN,Stigma_MIN,Stigma_MAX
 ,,,2,2,5,6,3,14,27,0,0,0,2,2,0,0,0,4,59,4,5,5,7,3,3,0,2,0,0,2,1,1,2,3,4,0,3,1,2,3,2,4,6,9,5,6,7,12,13,11,15,10,5,2,0,4,4,1,1,2,6,7,1,9,6,5,6,7,2,2,6,6,2,0,2,0,0,2,0,0,0,1,0,4,6,7,1,1,0,0,0,44.39712643,44.28333333,4.1,92.4,63,8.285714286,3,1,22,58043.4966,68531.35,14.0833333,207633.5667,967.39161,1142.189167,0.234722222,3460.559444,40.30798375,47.59121528,0.009780093,144.1899769,45.58763868,1.984126984,1,0,8,21,0,9,25,15,2,36,0,17,0,30,5,23,15,0,0,26,21,3,16,0,29,0,21,4,14,8,28,4,3,22,3,25,0,18,5,7.111111111,6,0,15,2.035714286,1,1,5
#N/A,,,1,0,2,0,6,9,16,0,0,0,0,0,0,0,0,0,34,2,1,2,1,3,0,1,0,0,0,1,2,1,3,1,1,4,1,3,1,1,2,1,2,2,7,2,3,4,5,11,8,8,1,1,0,2,7,1,0,2,7,1,1,3,0,7,5,5,0,0,3,1,0,1,3,1,0,2,0,1,0,0,1,3,0,6,3,2,1,1,0,47.36881721,51.43333337,6.966666698,100.5666667,34,2.794117647,2,1,9,13097.75789,5031.8,1912.166667,48673.1,218.2959649,83.86333333,31.86944444,811.2183333,9.095665205,3.494305556,1.327893518,33.80076389,49.38769532,2.470588235,2,0,7,6,0,5,16,1,0,10,6,2,0,11,0,2,3,5,0,6,0,0,10,0,13,2,8,6,1,0,7,0,2,9,3,12,1,6,0,4.5,4,1,9,2.166666667,2.5,1,5
ALBANY,36001,Albany,205,188,222,161,218,259,261,130,145,173,217,205,27,198,353,1007,799,193,203,226,189,157,113,59,52,33,14,27,25,46,41,53,59,80,85,82,104,141,127,126,149,405,360,263,371,314,331,340,643,466,268,94,32,67,483,38,53,71,443,253,33,222,59,189,417,444,59,47,133,131,60,32,33,8,2,92,6,10,0,16,13,23,5,384,171,117,40,17,14,50.24793703,47.03333337,1.599999936,115.9499999,2384,8.902265101,3,1,44,430567.9573,327503.95,8.95,1666206.65,7176.132622,5458.399167,0.149166667,27770.11083,299.0055259,227.4332986,0.006215278,1157.087951,51.18159109,2.265100671,2,0,15,127,104,276,1189,159,199,1438,11,353,19,1177,209,896,105,15,0,860,353,126,470,11,790,120,918,436,802,54,1239,363,491,996,552,1122,258,142,168,6.941275168,6,0,23,2.407919847,3,1,5
ALLEGANY,36003,Allegany,9,6,8,2,12,10,9,7,3,2,1,1,0,3,8,33,26,5,10,5,11,6,3,3,1,1,0,0,0,2,2,1,4,2,3,1,1,1,3,3,2,10,10,9,12,9,11,9,15,10,6,1,0,1,8,1,1,0,19,3,0,5,1,7,19,9,2,1,4,8,5,3,1,0,0,2,0,1,0,0,0,0,1,7,6,5,3,2,2,47.75435897,46.48333333,4.349999968,113.6333333,70,4.485714286,1,1,15,208565.0176,243768.4667,270.0666667,381742.1333,3476.083627,4062.807778,4.501111111,6362.368889,144.8368178,169.2836574,0.187546296,265.0987037,47.99179487,2.042857143,1,0,11,1,0,1,24,1,15,20,0,0,0,31,1,5,0,3,0,7,1,0,5,0,24,0,30,2,7,1,25,4,7,23,8,28,6,0,10,4.142857143,3,0,12,2.774193548,3,1,5
BRONX,36005,Bronx,180,181,229,178,201,217,263,110,104,128,181,185,31,141,326,903,756,174,169,178,174,100,88,66,52,31,17,32,37,32,66,61,76,79,78,101,105,98,104,100,139,326,296,356,273,333,278,295,548,334,141,76,23,47,376,38,56,60,393,207,59,219,75,177,441,387,50,41,77,156,62,33,25,13,1,93,13,13,0,10,3,12,7,259,117,75,27,13,12,48.91928608,45.06666663,2.616666698,115.6,2157,6.349095967,2,1,58,325144.1064,132128.8833,10.41666667,1672192.883,5419.06844,2202.148056,0.173611111,27869.88139,225.7945183,91.75616898,0.007233796,1161.245058,49.60400258,2.076495132,2,0,11,96,63,180,863,113,201,1109,15,224,39,796,114,539,163,24,0,658,276,53,295,1,619,8,805,238,320,10,895,146,219,536,324,716,73,108,223,5.128419101,4,0,18,2.628313892,3,1,5
BROOME,36007,Broome,62,53,85,52,77,82,88,40,58,46,53,51,50,48,94,280,275,50,57,73,71,29,38,23,26,7,5,9,6,25,27,17,30,23,21,30,33,37,35,34,41,119,108,119,111,85,95,110,208,123,133,43,22,33,136,13,14,17,124,65,14,65,9,60,152,133,18,10,38,37,12,13,9,4,1,35,2,3,0,1,1,4,3,97,32,22,11,5,4,53.36470588,51.50833333,3.516666698,115.9333334,747,6.950468541,3,1,39,365657.996,237334.0833,26.43333333,1550183.1,6094.299934,3955.568056,0.440555556,25836.385,253.9291639,164.8153356,0.018356481,1076.516042,54.17041232,2.174029451,2,0,12,15,79,117,367,32,63,432,4,74,7,304,30,183,87,4,0,237,69,2,118,1,203,3,304,143,276,17,359,34,64,223,73,300,33,12,38,5.765729585,5,0,17,2.356012658,3,1,5
CATTARAUGUS,36009,Cattaraugus,13,11,16,15,28,40,32,15,30,16,16,14,0,8,44,110,84,13,24,15,20,19,9,5,4,4,4,1,4,2,11,8,9,12,11,11,11,9,8,18,14,37,41,37,31,34,35,31,75,47,23,8,2,10,53,5,2,7,34,26,4,17,3,14,45,45,6,7,17,21,8,6,4,0,0,4,0,1,0,3,1,3,2,38,14,8,4,5,2,52.41311216,49.66666663,3.466666698,115.9666667,246,5.130081301,3,1,13,216355.0837,86173.39167,26.71666663,997904.85,3605.918062,1436.223194,0.445277777,16631.7475,150.2465859,59.8426331,0.018553241,692.9894792,53.31607113,2.162601626,2,0,14,12,8,31,125,20,5,151,0,35,0,74,38,74,6,1,0,68,11,24,68,0,45,10,73,11,64,11,123,24,38,95,51,103,22,15,33,5.971544715,5,0,18,2.574660633,3,1,5
CAYUGA,36011,Cayuga,30,19,24,24,38,57,56,25,13,16,29,24,0,9,34,158,154,30,23,28,20,14,15,10,13,5,2,6,7,11,11,12,13,12,18,18,13,17,15,18,24,54,51,52,49,53,54,42,112,73,24,4,0,6,83,12,11,12,55,37,8,25,5,40,55,58,9,11,13,23,2,5,5,1,0,12,0,3,0,1,1,1,4,61,26,15,7,4,4,48.52186869,43.26666668,3.600000032,114.1833333,355,11.63661972,3,1,51,239215.0558,125069.55,10.48333333,1538369.783,3986.917596,2084.4925,0.174722222,25639.49639,166.1215665,86.85385417,0.007280093,1068.31235,49.12170815,2.21971831,2,0,12,7,0,59,167,62,22,202,51,67,0,166,67,133,22,3,0,127,57,2,60,0,137,6,161,52,70,7,158,60,68,167,88,179,8,3,3,6.876056338,5,0,20,2.467948718,3,1,5
CHAUTAUQUA,36013,Chautauqua,34,20,33,16,39,48,53,22,22,29,37,45,2,43,45,178,130,34,36,35,41,33,14,14,5,5,1,3,3,4,10,14,7,12,18,15,25,18,15,16,20,69,65,61,48,51,48,56,109,75,60,17,1,6,56,13,11,8,54,44,15,39,14,26,103,54,4,5,18,27,11,4,1,3,0,12,1,0,0,1,1,3,0,54,29,19,4,0,0,49.04741784,45.53333333,1.749999968,115.6333333,398,4.90201005,2,1,31,199903.6387,137668.5083,14.1166667,1356014.25,3331.727312,2294.475139,0.235277778,22600.2375,138.8219713,95.60313079,0.009803241,941.6765625,50.01082275,2.145728643,2,0,13,3,1,10,142,55,55,197,4,23,2,129,6,103,23,0,0,107,59,4,30,0,77,4,180,42,98,0,135,5,37,100,68,136,9,5,15,4.683417085,3.5,0,14,2.381355932,3,1,5
CHEMUNG,36015,Chemung,17,21,29,28,39,51,36,11,15,11,23,20,6,23,44,104,124,22,35,37,25,21,16,6,2,2,1,4,1,3,5,14,5,14,14,11,9,15,8,22,9,57,42,44,36,43,36,43,96,55,36,12,5,10,41,6,9,6,67,29,4,35,4,22,56,47,6,4,16,21,7,7,4,2,0,9,1,3,0,0,2,2,2,45,20,15,11,5,3,50.63535353,47.7916667,3.566666698,115.45,301,3.986710963,2,1,14,208558.0862,137199.9667,15.78333337,1539942.35,3475.968103,2286.666111,0.263055556,25665.70583,144.8320043,95.27775463,0.010960648,1069.40441,51.70218922,2.249169435,2,0,13,7,10,42,100,19,36,173,4,16,1,155,4,77,13,3,0,90,4,0,35,0,59,19,93,35,85,18,104,19,47,95,59,112,37,5,16,5.289036545,4,0,16,2.46743295,3,1,5
CHENANGO,36017,Chenango,12,3,7,6,5,11,24,8,20,16,8,20,0,14,4,87,35,8,13,14,11,6,7,3,4,3,4,3,2,4,3,6,4,1,3,5,7,2,6,12,9,22,19,26,24,14,17,18,35,46,19,4,2,6,33,1,13,2,29,10,2,10,4,3,33,27,3,3,8,1,1,0,2,0,0,7,0,1,0,1,0,0,1,42,22,18,8,2,2,59.43715847,57.90000005,7.91666673,115.5833333,140,7.757142857,5,1,19,288603.2445,218124.7333,112.7666666,878229.3167,4810.054076,3635.412222,1.879444444,14637.15528,200.4189198,151.4755093,0.078310185,609.8814699,60.72952295,2.8,2,0,12,11,20,47,102,2,38,110,0,7,0,62,6,38,20,2,0,38,26,9,28,0,9,0,71,36,63,9,65,3,60,85,64,87,34,0,2,8.242857143,8,0,17,2.060606061,1,1,5
CLINTON,36019,Clinton,18,16,14,10,10,22,26,16,18,18,18,14,2,8,62,58,70,18,16,16,14,15,12,5,5,1,2,1,0,2,12,1,8,3,9,12,7,7,10,14,10,43,19,22,19,32,26,39,45,27,28,7,1,4,39,6,4,5,29,21,2,13,4,11,57,42,5,4,7,14,8,7,1,1,0,7,2,0,0,2,0,3,0,21,9,7,3,3,2,50.0993295,47.3083333,3.8,112.2833333,200,4.935,2,1,21,306725.3607,220284.5667,57.4333334,956080.1,5112.089344,3671.409444,0.957222223,15934.66833,213.0037227,152.9753935,0.039884259,663.9445139,51.15235539,2.09,2,0,9,2,2,7,84,12,4,90,1,17,2,61,6,65,6,0,0,52,13,7,39,0,23,0,106,21,54,0,78,31,23,37,27,43,9,10,34,4.83,4,0,12,2.539772727,3,1,5
COLUMBIA,36021,Columbia,11,15,18,22,22,24,21,17,8,2,6,13,0,25,34,64,56,15,15,15,14,8,6,2,0,1,0,2,3,4,3,6,5,10,8,6,8,6,14,13,15,25,19,33,24,20,31,27,60,37,15,9,1,4,33,5,6,3,23,15,4,12,8,4,36,20,3,4,5,10,3,1,1,3,0,5,1,0,0,2,0,0,0,22,7,5,2,3,2,50.68719512,48.94166668,4.666666667,110.5833333,179,5.782122905,4,1,17,427237.3778,361928.35,6.583333333,1294332.533,7120.622964,6032.139167,0.109722222,21572.20889,296.6926235,251.3391319,0.004571759,898.842037,51.27915714,1.94972067,2,0,8,2,2,26,73,24,22,108,16,16,4,52,4,54,13,0,0,37,45,15,21,0,28,0,75,7,52,0,73,17,8,35,9,73,6,0,27,5.273743017,5,0,15,2.388535032,3,1,5
CORTLAND,36023,Cortland,9,12,20,32,31,19,29,13,12,15,25,16,1,5,97,80,50,20,20,27,15,13,10,3,8,1,4,4,5,8,6,4,12,10,3,10,9,11,15,7,8,39,33,43,31,22,33,32,84,66,30,7,1,3,42,6,11,11,44,28,13,22,6,11,41,40,6,2,13,15,0,1,3,0,0,11,0,0,0,2,2,0,0,49,25,16,6,4,2,54.11657986,51.70833337,3.483333333,115.1166666,233,15.20171674,5,1,39,602774.7262,601516.7167,562.0666667,1174762.65,10046.24544,10025.27861,9.367777778,19579.3775,418.5935599,417.7199421,0.390324074,815.8073958,54.68745298,2.549356223,2,0,11,7,29,30,141,47,40,177,0,40,0,143,2,96,41,0,0,130,43,32,49,0,102,4,144,56,118,0,140,37,71,99,85,139,37,0,0,8.922746781,8,0,18,2.352657005,3,1,5
DELAWARE,36025,Delaware,0,0,0,0,0,2,0,0,0,0,0,0,0,0,0,0,2,1,1,0,0,0,0,0,0,0,0,0,0,0,0,0,0,0,0,0,0,0,0,0,0,0,0,0,0,0,1,1,0,0,0,0,0,0,0,0,0,0,0,0,0,0,0,0,0,0,0,0,0,1,0,1,0,0,0,0,0,0,0,0,0,0,0,0,0,0,0,0,0,9.35,9.35,5.516666667,13.18333333,2,2,2,2,2,8585.483333,8585.483333,8585.483333,8585.483333,143.0913889,143.0913889,143.0913889,143.0913889,5.962141204,5.962141204,5.962141204,5.962141204,9.35,0,0,0,0,0,0,0,0,0,0,0,0,0,0,0,0,0,0,0,0,0,0,0,0,0,0,0,0,0,0,0,0,0,0,0,0,0,0,0,0,0,0,0,0,4.5,4.5,4,5
DUTCHESS,36027,Dutchess,132,96,113,124,114,117,132,97,89,109,120,93,12,248,437,391,248,99,132,120,112,76,53,27,19,14,10,9,21,26,28,47,49,42,41,56,69,66,71,72,77,196,215,230,197,166,159,173,367,167,168,46,21,26,249,29,27,27,225,120,37,96,43,82,225,268,37,14,40,71,54,4,10,2,0,67,1,2,0,2,1,3,1,101,33,21,8,8,8,52.10960068,49.33333333,2.416666667,115.7833333,1336,12.18862275,4,1,59,519201.2657,468346.2833,23.83333333,1877605.933,8653.354428,7805.771389,0.397222222,31293.43222,360.5564345,325.2404745,0.016550926,1303.893009,52.84473667,1.926646707,1.5,0,11,44,95,89,780,147,80,880,10,114,4,666,111,524,131,3,0,487,390,60,254,0,513,3,665,345,454,1,770,122,200,331,225,536,38,17,215,6.964071856,6,0,18,2.511271416,3,1,5
ERIE,36029,Erie,259,266,300,250,308,412,385,199,234,200,275,273,45,212,666,1246,1192,253,299,332,287,233,179,103,82,38,29,23,29,53,93,96,78,93,115,117,144,139,155,175,216,538,486,488,485,453,411,500,956,713,371,99,83,99,695,87,78,100,629,294,78,306,89,262,579,622,82,54,157,188,83,28,38,21,4,112,9,10,0,17,5,28,18,577,268,158,64,18,15,52.24807176,50.25833332,1.983333333,115.9833333,3361,12.08836656,4,1,82,441003.373,334575.8,8.666666635,1707217.333,7350.056217,5576.263333,0.144444444,28453.62222,306.2523424,232.3443056,0.006018518,1185.567593,53.22565497,2.304671229,2,0,14,267,420,461,1823,311,332,2159,69,478,65,1748,364,1276,261,56,0,1326,498,139,712,8,1216,28,1424,504,1029,76,1838,337,614,1388,808,1664,387,207,396,7.345730437,6,0,22,2.346707819,3,1,5
ESSEX,36031,Essex,5,7,4,4,7,13,7,2,5,4,6,5,0,2,12,24,31,7,8,3,9,1,3,0,1,0,1,0,0,0,0,1,1,3,1,1,2,7,6,5,9,11,8,13,16,4,6,11,12,12,0,2,0,1,11,1,8,0,15,8,0,7,0,5,20,5,1,1,5,3,0,2,1,1,1,3,0,0,0,0,0,1,1,11,5,4,1,0,0,52.89126985,52.56666667,4.333333365,110,69,4.347826087,3,1,10,341160.4503,194474.4333,2590.083333,1342306.117,5686.007506,3241.240556,43.16805556,22371.76861,236.9169794,135.0516898,1.798668981,932.1570255,52.89438726,2.043478261,2,0,9,8,0,1,29,8,17,26,1,2,0,40,6,25,0,0,0,28,0,0,12,5,14,0,32,13,0,1,20,8,8,19,16,20,1,10,0,5.362318841,5,0,14,2.682539683,3,1,5
FRANKLIN,36033,Franklin,6,5,9,4,10,14,12,4,12,13,5,4,0,0,18,47,33,8,11,10,13,7,2,1,0,1,0,0,2,2,1,1,3,7,4,4,0,4,4,3,10,14,14,20,13,13,16,8,17,15,7,2,1,1,28,3,2,1,25,14,4,6,3,10,15,22,3,4,6,5,1,0,3,0,0,2,0,0,0,0,0,1,0,13,6,5,2,0,0,44.81923077,41.4666667,1.649999968,102.9833333,98,2.653061224,2,1,8,202101.5277,99256.85,38.31666663,727353.25,3368.358795,1654.280833,0.638611111,12122.55417,140.3482831,68.92836806,0.026608796,505.1064236,44.86408521,2.244897959,2,0,9,5,1,1,51,5,10,28,0,4,0,41,11,28,9,0,0,14,4,0,7,0,22,0,29,7,15,0,40,4,5,14,6,16,2,1,2,3.897959184,3,0,10,2.541176471,3,1,5
FULTON,36035,Fulton,9,5,18,14,21,9,29,10,12,16,14,3,0,1,22,70,67,7,13,16,14,13,3,8,7,1,1,0,2,5,2,5,4,7,5,9,2,5,7,8,16,23,16,15,19,26,35,26,49,21,17,7,4,5,33,17,4,9,42,21,1,23,2,6,43,41,7,8,12,11,3,3,1,0,1,2,1,0,1,0,1,3,1,16,5,2,1,1,1,53.44733796,46.54166665,2.233333302,115.1333334,160,6.08125,2,1,22,423247.432,290796.15,193.9166667,1270326.45,7054.123866,4846.6025,3.231944444,21172.1075,293.9218278,201.9417708,0.134664352,882.1711458,54.4365223,2.51875,2,0,16,15,24,18,76,28,11,84,0,19,1,73,13,54,1,0,3,66,16,0,32,1,20,22,75,16,58,5,83,41,6,60,11,65,1,7,27,6.45,4,0,17,2.517006803,3,1,5
GENESEE,36037,Genesee,20,19,21,17,12,15,22,18,13,9,19,10,4,15,37,81,58,19,20,24,18,19,7,4,4,5,1,0,3,4,3,6,5,5,4,6,4,9,7,7,11,31,23,37,29,27,20,28,72,40,26,5,1,2,40,2,7,12,34,12,7,11,3,6,24,28,7,0,9,17,1,1,3,1,0,5,1,0,0,1,1,3,0,31,16,12,3,2,1,49.03873106,48.10833335,3.466666698,110.0333334,195,6.230769231,2,1,21,601084.656,441453.8833,74.55,1686250.583,10018.0776,7357.564722,1.2425,28104.17639,417.4199,306.5651968,0.051770833,1171.00735,49.52441232,2.158974359,2,0,13,4,2,3,81,14,9,107,2,37,1,97,0,45,15,0,0,52,8,1,41,0,7,1,48,28,64,0,81,41,43,66,54,72,8,3,1,5.312820513,4,0,14,2.463276836,3,1,5
GREENE,36039,Greene,10,8,6,4,3,13,8,12,1,6,8,1,4,32,4,22,18,3,9,5,9,10,4,3,2,3,1,1,0,1,2,3,3,1,3,5,3,3,0,2,4,7,10,9,15,19,11,9,34,21,5,1,0,3,4,2,2,1,17,4,2,7,0,5,10,2,3,3,2,3,0,1,1,0,0,6,0,0,0,0,0,0,0,5,2,1,1,1,1,54.57692308,49.98333333,5.5,113.9333334,80,14.1,12,1,30,1008952.395,514030.5833,268.4666666,1835798.383,16815.87325,8567.176389,4.474444443,30596.63972,700.6613853,356.9656829,0.186435185,1274.859988,54.69093568,1.7875,1,0,9,4,0,12,20,2,34,64,0,1,0,55,6,35,2,0,0,53,0,0,12,0,15,0,15,34,10,0,42,12,2,8,5,39,2,0,0,6.05,8,0,9,2.15625,2,1,5
,36041,Hamilton,,,,,,,,,,,,,,,,,,,,,,,,,,,,,,,,,,,,,,,,,,,,,,,,,,,,,,,,,,,,,,,,,,,,,,,,,,,,,,,,,,,,,,,,,,,,,,,,,,,,,,,,,,,,,,,,,,,,,,,,,,,,,,,,,,,,,,,,,,,,,,,,,,,,,,,,,,,,,,,
HERKIMER,36043,Herkimer,3,2,8,2,8,16,16,1,6,8,6,8,0,4,9,34,37,5,8,6,6,4,5,4,4,0,0,1,2,5,1,1,0,3,1,1,4,5,5,4,9,13,18,9,12,13,11,8,21,14,14,4,1,0,12,4,2,2,14,4,1,8,2,5,18,16,3,1,3,7,1,2,0,0,0,4,0,0,3,1,0,1,0,10,5,4,1,0,0,52.68030303,56.6,2.333333365,114.1,84,3.761904762,2,1,14,364041.6135,215499.8167,2257.583333,1742471.45,6067.360226,3591.663611,37.62638889,29041.19083,252.8066761,149.6526505,1.567766204,1210.049618,52.46068324,2.083333333,2,0,7,0,1,0,25,20,2,38,0,5,0,36,2,8,2,0,11,30,2,2,12,0,16,0,34,4,22,0,37,12,20,33,23,35,5,17,2,5.428571429,4,0,15,2.306666667,3,1,5
JEFFERSON,36045,Jefferson,19,30,35,24,34,43,27,13,14,14,35,26,13,25,57,118,101,34,25,34,26,11,13,14,5,5,7,3,5,8,4,13,6,11,9,11,13,9,8,17,23,40,58,43,51,41,36,45,91,63,33,9,4,4,58,16,10,4,56,34,10,32,1,22,72,54,6,2,14,23,6,9,1,0,1,9,2,0,0,3,0,5,0,45,15,13,4,2,2,52.10655173,48.61666667,2.3,115.8166667,314,3.076433121,2,1,13,244998.1955,154155.2833,16.3,1494032.083,4083.303259,2569.254722,0.271666667,24900.53472,170.1376358,107.0522801,0.011319444,1037.52228,52.85986491,2.197452229,2,0,10,1,7,8,97,41,18,147,0,7,5,95,2,69,16,0,0,82,1,5,32,1,28,0,106,25,72,0,104,12,28,93,33,120,10,9,9,4.085987261,3,0,13,2.516363636,3,1,5
KINGS,36047,Kings,270,202,276,233,278,297,314,116,160,158,226,231,35,179,406,1102,1039,171,214,234,211,174,141,92,63,55,29,35,30,50,64,74,89,90,108,136,116,147,133,139,166,409,422,366,420,396,339,409,731,530,210,93,29,56,501,48,59,61,496,253,50,244,74,215,531,462,55,49,110,171,71,48,42,9,0,142,17,19,0,15,1,22,17,415,183,128,50,13,12,50.28575464,47.84166665,0.933333365,115.8333334,2761,5.567910177,2,1,48,273316.2928,131182.85,4.033333333,1558940.767,4555.271546,2186.380833,0.067222222,25982.34611,189.8029811,91.09920139,0.002800926,1082.597755,50.92744977,2.13509598,2,0,11,119,62,170,1077,154,159,1393,31,218,27,1096,162,662,125,47,0,709,282,123,358,1,573,3,926,400,558,69,1090,141,382,825,507,1012,178,159,196,5.068453459,4,0,19,2.515201999,3,1,5
,36049,Lewis,,,,,,,,,,,,,,,,,,,,,,,,,,,,,,,,,,,,,,,,,,,,,,,,,,,,,,,,,,,,,,,,,,,,,,,,,,,,,,,,,,,,,,,,,,,,,,,,,,,,,,,,,,,,,,,,,,,,,,,,,,,,,,,,,,,,,,,,,,,,,,,,,,,,,,,,,,,,,,,
LIVINGSTON,36051,Livingston,3,3,5,11,6,19,5,10,4,7,4,3,0,22,11,32,15,7,10,7,4,6,3,3,3,0,1,1,1,2,0,1,3,1,6,1,1,6,2,4,7,14,14,8,9,8,8,19,24,28,14,2,2,3,8,0,3,0,11,9,2,6,3,2,15,11,2,1,2,6,1,3,1,0,0,0,0,0,0,0,0,0,0,16,10,7,4,4,3,52.59513889,49.0833333,4.133333302,108.1666666,80,7.0375,4,1,17,407785.6391,605072.5,1475.166667,619188.5833,6796.427318,10084.54167,24.58611111,10319.80972,283.1844716,420.1892361,1.024421296,429.9920718,52.86397428,2.3125,2,0,9,1,17,18,35,0,26,53,0,0,0,45,1,33,3,0,0,37,14,0,12,0,3,0,50,0,44,0,46,10,21,26,25,48,21,0,1,7.375,5.5,0,15,1.953846154,1,1,5
MADISON,36053,Madison,3,3,4,1,7,9,3,6,1,2,1,3,0,8,6,13,16,7,2,7,1,3,0,0,1,0,0,0,1,0,1,0,1,1,2,4,5,2,1,4,0,8,5,8,6,7,3,6,12,9,8,2,0,1,5,0,2,4,10,6,3,3,2,5,13,6,2,1,1,3,0,1,0,0,0,0,0,1,0,1,0,0,0,7,3,2,0,1,1,56.54254386,53.02499997,7.433333302,112.3,43,2.255813953,2,1,5,114772.4136,119197.9167,4220.4,218891.15,1912.873561,1986.631944,70.34,3648.185833,79.70306503,82.77633102,2.930833333,152.0077431,57.89659391,2.488372093,2,0,8,0,0,1,14,0,6,21,0,12,0,17,2,8,8,2,0,9,7,1,1,0,9,0,21,0,15,0,15,5,2,10,3,14,0,0,0,4.720930233,5,0,9,2.142857143,2,1,5
MONROE,36055,Monroe,280,255,261,213,240,289,338,163,148,185,209,207,25,175,400,1195,993,212,282,279,233,186,137,67,55,36,31,23,24,34,43,70,86,88,94,115,136,127,111,148,171,400,402,405,435,404,362,380,807,618,449,84,46,89,554,62,53,119,457,278,68,258,75,192,484,484,72,47,125,151,64,39,26,11,3,102,14,11,1,24,12,30,11,497,205,157,62,24,18,51.4078689,48.96666663,1.666666667,115.9833334,2788,11.19942611,3,1,95,454960.6791,247760,4.716666698,1972908.733,7582.677985,4129.333333,0.078611112,32881.81222,315.944916,172.0555556,0.003275463,1370.075509,52.02289595,2.355451937,2,0,17,109,173,286,1372,225,233,1739,27,546,40,1281,306,962,242,24,42,966,440,76,589,12,870,164,1169,554,1113,52,1355,322,657,1200,771,1346,380,268,343,7.264705882,6,0,23,2.288915566,3,1,5
MONTGOMERY,36057,Montgomery,2,1,0,0,2,4,9,0,1,1,1,0,1,0,0,5,15,2,1,4,3,0,0,0,0,0,0,0,1,0,2,1,1,0,1,1,0,1,0,1,2,6,6,4,2,2,0,1,3,2,1,2,0,0,1,0,0,0,3,1,0,2,0,2,5,4,1,1,1,3,1,2,0,0,0,0,0,0,0,0,0,1,0,1,0,0,0,1,1,48.75250001,48.22500002,3.533333333,115.65,21,5.380952381,2,1,11,72724.69545,34932.08333,34932.08333,242791.45,1212.078258,582.2013889,582.2013889,4046.524167,50.50326073,24.2583912,24.2583912,168.6051736,50.73886364,1.428571429,1,0,3,0,0,0,2,0,0,12,0,9,0,3,2,1,0,0,0,9,0,0,1,0,10,0,9,0,2,0,11,2,0,9,0,10,0,1,1,4.476190476,6,0,8,2.888888889,3,1,5
NASSAU,36059,Nassau,292,300,349,320,308,390,419,181,189,219,309,281,37,246,617,1420,1237,251,315,343,321,245,189,127,83,43,24,22,41,57,87,86,99,104,111,126,138,140,177,204,224,520,514,544,511,476,485,507,953,623,341,105,36,47,765,79,115,123,662,396,113,356,68,301,598,678,68,68,118,210,71,44,47,6,4,169,32,20,0,16,11,23,10,492,242,164,64,21,13,49.84411369,47.30000003,1.5,115.8666667,3557,8.85915097,3,1,63,401347.4353,279329.7167,6.166666667,1946554.367,6689.123921,4655.495278,0.102777778,32442.57278,278.7134967,193.9789699,0.004282407,1351.773866,50.65285953,2.215068878,2,0,12,221,187,254,1804,288,424,1996,25,416,52,1671,342,1246,523,46,0,1232,384,88,493,18,1088,74,1332,744,919,33,1728,187,572,1330,784,1486,333,120,339,6.403992128,5,0,22,2.537144703,3,1,5
NEW YORK,36061,New York,569,570,702,639,703,823,957,417,390,413,665,592,96,519,1289,2763,2773,539,569,590,556,498,329,291,165,113,94,90,97,138,183,194,258,280,289,322,317,308,368,434,418,1124,1119,992,1079,1107,1029,990,2057,1455,570,260,77,121,1346,124,152,196,1357,688,151,754,227,632,1418,1336,146,193,311,473,231,122,134,44,11,395,46,36,4,41,20,53,31,1145,454,304,105,52,29,49.55447949,46.26666663,0.749999968,115.9166666,7440,8.286827957,2,1,98,386426.2128,225082.3667,4.599999968,2017087.917,6440.43688,3751.372778,0.076666666,33618.13194,268.3515367,156.3071991,0.003194444,1400.755498,50.23160941,2.199596774,2,0,14,461,364,330,3209,463,571,3871,220,799,101,3063,794,2213,503,165,22,2366,875,331,1145,21,2205,115,2691,1197,1618,196,3273,390,1100,2379,1363,2790,530,273,821,5.756451613,4,0,26,2.500542047,3,1,5
NIAGARA,36063,Niagara,32,17,15,10,29,33,18,13,17,8,17,15,0,13,34,88,89,17,18,18,23,13,7,5,4,5,7,2,1,2,3,6,9,1,12,11,11,11,12,11,15,40,29,32,35,32,23,33,71,64,28,9,4,6,34,9,16,2,44,15,4,20,2,14,43,30,4,2,10,16,2,5,5,1,1,7,0,2,1,1,0,0,2,53,33,28,16,3,2,53.02739965,50.1333333,5.299999968,114.7666667,224,4.549107143,3,1,14,286635.053,89650.2,12.41666667,1362654.417,4777.250883,1494.17,0.206944444,22710.90694,199.0521201,62.25708333,0.008622685,946.2877894,55.64284678,2.5625,2,0,11,6,9,19,103,24,41,127,1,4,0,109,6,47,19,2,6,51,11,1,24,1,25,0,88,28,92,3,103,7,52,96,62,109,36,0,8,5.892857143,6,0,15,2.248730964,2,1,5
ONEIDA,36065,Oneida,64,88,84,52,87,81,80,30,22,39,79,70,2,22,98,317,337,63,72,54,49,48,51,26,24,12,11,6,12,13,21,24,28,28,26,20,39,35,38,33,43,115,120,121,130,79,107,104,202,216,57,26,9,16,121,23,43,27,180,70,14,60,20,54,130,98,16,17,30,51,17,16,11,4,1,25,2,5,0,2,1,3,8,171,100,47,17,4,4,48.89654696,45.39999998,2.516666667,115.3833333,776,14.67525773,3.5,1,82,270490.4295,189289.5,25.28333333,1205153.367,4508.173825,3154.825,0.421388889,20085.88944,187.8405761,131.4510417,0.01755787,836.9120602,49.52492583,2.341494845,2,0,11,128,22,86,364,142,191,493,46,79,3,433,70,302,74,42,0,314,170,49,232,3,246,11,319,82,226,48,354,39,208,367,232,399,112,50,47,7.710051546,6,0,21,2.343478261,3,1,5
ONONDAGA,36067,Onondaga,153,147,192,159,190,216,230,93,139,129,167,118,42,164,242,772,713,145,189,193,167,123,98,65,40,30,21,18,23,27,43,44,50,59,61,69,74,91,75,104,124,306,301,252,283,280,248,263,558,391,211,59,20,42,375,41,52,68,364,204,75,208,87,150,371,316,37,29,76,90,41,31,27,4,2,72,1,8,0,9,5,22,11,299,146,109,35,13,11,51.96394166,49.11666663,2.250000032,115.95,1933,10.54526643,3,1,75,409835.2881,300915.95,15.85000003,1734164.35,6830.588134,5015.265833,0.264166667,28902.73917,284.6078389,208.9694097,0.011006944,1204.280799,52.74082195,2.310398345,2,0,14,118,54,127,1005,247,166,1199,7,290,10,1012,99,731,230,12,0,763,289,80,390,10,678,14,698,242,630,71,939,187,344,728,425,921,172,257,247,6.92809105,5,0,22,2.410241318,3,1,5
ONTARIO,36069,Ontario,18,20,23,12,10,10,12,5,13,18,18,10,0,3,36,71,59,13,30,15,18,11,7,4,3,2,4,0,3,2,4,4,3,5,4,1,2,8,8,9,9,22,30,33,16,20,27,21,54,45,26,0,4,15,29,5,3,3,34,13,8,11,3,8,27,28,3,0,15,17,2,2,3,0,0,9,1,0,0,0,0,3,1,42,16,11,2,1,1,44.69024944,39.71666667,1.683333302,107.65,169,20.0887574,11,1,51,549385.5598,522934.0833,12.6166667,976381.3167,9156.425996,8715.568056,0.210277778,16273.02194,381.5177498,363.148669,0.008761574,678.042581,47.02523962,2.50887574,2,0,11,51,67,67,125,14,22,129,0,21,3,113,0,96,71,0,0,35,19,0,88,0,84,0,102,24,114,1,125,17,90,128,105,128,3,63,12,11.34319527,13,0,18,2.203703704,1,1,5
ORANGE,36071,Orange,95,116,111,118,108,135,125,63,83,84,105,110,18,144,247,483,361,84,107,120,111,82,65,35,17,9,11,10,14,13,26,42,47,46,39,46,62,48,67,77,75,213,192,175,163,188,149,173,363,238,191,42,19,21,227,19,39,35,236,126,22,100,33,86,243,226,28,22,42,61,23,14,12,2,3,65,3,4,3,6,3,8,5,174,59,45,18,13,11,52.21081081,49.7083333,2.799999936,115.9833334,1253,8.661612131,3,1,55,362119.3334,276273.9167,12.55000003,1434624.933,6035.322223,4604.565278,0.209166667,23910.41556,251.4717593,191.8568866,0.008715278,996.2673148,52.66424251,2.193934557,2,0,13,60,96,135,571,125,197,711,4,173,3,583,55,452,119,7,6,453,102,39,220,4,312,3,561,226,393,7,570,179,156,378,182,503,79,46,72,6.210694334,5,0,18,2.392956441,3,1,5
ORLEANS,36073,Orleans,6,3,5,3,9,17,12,1,3,3,6,8,0,2,5,35,34,9,7,4,3,4,4,2,2,1,1,1,0,1,0,1,4,4,3,5,2,4,6,4,4,10,7,13,11,11,13,11,15,12,8,1,1,3,12,1,5,1,16,5,5,4,5,1,18,7,2,2,2,11,1,0,0,1,1,2,1,5,0,1,0,1,0,11,8,7,2,1,1,50.28921569,45.45000002,2.916666635,108.45,76,4.065789474,3.5,1,11,167197.5059,88111.26667,299.5166667,521381.2833,2786.625098,1468.521111,4.991944444,8689.688056,116.1093791,61.18837963,0.207997685,362.0703356,51.13685859,2.184210526,2,0,9,0,8,13,36,1,19,38,4,3,1,29,14,21,12,5,0,9,15,9,11,4,10,0,35,6,25,0,31,10,11,16,11,20,9,9,4,5.907894737,5,0,15,2.577464789,3,1,5
OSWEGO,36075,Oswego,43,27,23,22,28,32,45,17,18,19,21,23,17,19,41,129,112,31,44,36,46,23,6,11,2,4,2,3,5,0,4,11,8,8,9,7,18,10,7,9,14,48,51,39,49,45,43,43,105,68,51,11,7,8,55,16,5,4,62,25,5,22,9,14,45,53,3,4,15,19,8,4,3,0,1,12,0,0,0,1,1,3,0,52,16,13,6,6,3,48.59982935,44.61666667,3.366666667,112.4666667,318,7.965408805,3,1,28,462370.3286,290197.25,48.66666663,1715332.883,7706.172143,4836.620833,0.811111111,28588.88139,321.090506,201.5258681,0.033796296,1191.203391,49.87944006,2.176100629,2,0,10,4,45,20,167,71,34,199,0,5,0,154,5,86,17,0,0,51,54,28,38,1,94,28,105,52,123,0,173,29,24,126,37,162,14,39,18,6.298742138,6,0,15,2.299295775,3,1,5
OTSEGO,36077,Otsego,26,28,12,20,20,17,10,15,16,8,24,11,2,62,25,76,42,13,17,13,26,22,17,6,10,2,4,2,2,3,4,2,4,4,7,6,9,11,3,9,11,28,34,36,28,30,23,28,67,40,39,7,2,8,36,6,4,3,36,19,3,25,5,14,38,36,5,2,7,9,2,0,0,0,0,9,0,0,0,0,0,1,0,29,13,7,1,3,3,59.18611111,57.80000002,5.816666635,110.4833334,207,19.36714976,6,1,54,470883.7294,555470.3333,108.6333334,856296.8,7848.062156,9257.838889,1.810555556,14271.61333,327.0025898,385.743287,0.075439815,594.6505556,61.04263268,2.207729469,2,0,10,0,9,50,131,7,56,151,0,18,0,121,2,98,8,0,0,119,74,0,23,0,58,0,123,66,114,0,127,6,51,75,60,138,2,2,4,8.178743961,8,0,14,2.268156425,3,1,5
PUTNAM,36079,Putnam,35,37,27,38,32,54,44,20,11,17,17,42,1,49,61,138,125,26,37,42,32,26,15,9,8,5,2,2,1,5,4,8,19,16,16,10,13,15,22,21,20,54,75,41,40,56,55,53,106,51,46,15,2,4,55,3,7,15,85,43,5,35,14,36,66,51,7,7,5,16,6,7,3,0,0,16,0,2,0,0,0,1,0,33,18,10,4,2,3,48.78438755,46.80833335,2.3,114.2166667,374,6.965240642,3,1,23,288530.4081,245357.3333,51.98333333,1190137.75,4808.840135,4089.288889,0.866388889,19835.62917,200.3683389,170.387037,0.036099537,826.4845486,49.05193544,1.967914439,1,0,10,20,24,7,183,20,44,229,0,52,0,201,9,110,37,14,0,155,52,0,12,0,136,0,148,68,139,0,182,31,17,110,59,161,11,2,42,6.082887701,5,0,14,2.613207547,3,1,5
QUEENS,36081,Queens,223,243,321,253,277,313,301,135,179,171,285,241,19,208,560,1124,1031,216,225,258,230,182,142,105,73,47,24,38,45,46,66,70,75,88,124,116,166,127,155,150,174,454,453,422,408,378,400,427,796,506,242,90,23,60,535,44,85,83,503,292,66,293,73,233,506,528,53,55,106,194,58,40,44,13,3,149,12,16,0,7,11,28,8,413,200,132,43,19,20,49.73770239,46.64166667,2.816666667,115.5333334,2942,8.20632223,2,1,55,304039.3487,143889.15,3.433333333,1867886.917,5067.322478,2398.1525,0.057222222,31131.44861,211.1384366,99.92302083,0.002384259,1297.143692,50.47977648,2.113868117,2,0,15,183,142,171,1319,273,281,1635,51,348,28,1280,203,876,187,35,0,989,394,63,427,8,945,35,1056,490,645,51,1357,156,360,981,507,1185,109,139,248,5.831747111,4,0,20,2.570482866,3,1,5
RENSSELAER,36083,Rensselaer,7,9,15,6,9,21,15,1,1,3,8,2,0,1,10,34,52,11,7,14,12,6,4,2,3,1,3,4,1,2,2,0,0,2,0,4,3,5,1,7,3,16,16,12,17,8,11,17,19,23,13,3,1,1,9,5,2,3,18,13,2,10,2,10,14,13,3,2,1,7,2,3,1,0,0,3,0,0,0,0,0,0,1,19,12,8,5,0,0,46.96485507,43.61666668,6.066666698,113.7833333,97,5.525773196,3,1,15,202320.8564,226366.2167,1184.183333,391920.2167,3372.014273,3772.770278,19.73638889,6532.003611,140.5005947,157.1987616,0.822349537,272.1668171,47.52362268,2.216494845,2,0,9,1,6,6,32,34,12,56,0,11,0,56,2,36,14,0,0,29,2,0,11,0,40,0,31,26,36,4,44,3,24,34,26,41,19,0,5,6.608247423,8,0,13,2.494252874,3,1,5
RICHMOND,36085,Richmond,54,49,61,49,57,84,58,36,28,36,73,87,10,64,139,254,205,49,50,52,62,48,36,19,13,10,11,6,8,7,17,14,16,17,26,32,29,25,34,44,47,101,86,107,103,89,85,101,199,136,61,27,8,15,105,17,32,23,109,69,15,56,19,63,134,109,8,5,15,36,9,3,6,0,0,24,2,3,0,0,0,2,6,112,59,39,13,5,2,50.95382237,48.88333333,1.216666698,115.85,672,10.08928571,3,1,60,403645.949,269291.35,8.633333333,1790770.367,6727.432484,4488.189167,0.143888889,29846.17278,280.3096868,187.0078819,0.00599537,1243.590532,51.8876196,2.191964286,2,0,12,19,86,43,282,52,119,376,0,99,2,291,5,282,118,4,0,226,118,0,93,0,228,0,282,133,195,18,303,77,163,260,195,285,97,6,99,6.779761905,5,0,21,2.477031802,3,1,5
ROCKLAND,36087,Rockland,90,47,64,53,56,90,78,27,38,55,73,69,6,49,144,280,261,55,62,55,63,58,44,23,13,10,7,3,6,10,13,22,23,18,27,33,40,31,37,35,52,102,94,115,125,132,77,95,189,150,58,24,6,6,152,15,21,43,136,93,20,72,17,53,135,120,9,12,31,34,18,9,10,1,1,30,3,2,0,1,1,6,2,109,47,36,17,5,4,51.75921185,49.76666663,3.816666635,115.05,740,7.577027027,3,1,46,394239.9327,193625.4667,11.44999997,1499629.25,6570.665545,3227.091111,0.190833333,24993.82083,273.7777311,134.4621296,0.007951389,1041.409201,52.48587056,2.191891892,2,0,13,36,21,15,333,69,103,408,3,183,5,331,29,299,94,22,0,226,80,4,145,1,179,2,249,121,176,5,327,31,95,255,117,283,64,16,101,5.983783784,4,0,16,2.475232198,3,1,5
SAINT LAWRENCE,36089,St Lawrence,16,16,34,22,31,55,31,14,23,19,21,23,0,65,36,92,112,32,40,32,19,18,10,5,4,0,2,4,5,3,1,9,12,5,9,6,12,11,17,21,28,48,36,50,51,41,43,36,95,42,51,7,4,7,46,13,2,27,50,31,3,26,8,23,54,49,11,6,13,23,2,9,1,0,0,17,0,2,0,0,0,1,0,29,8,4,2,0,0,48.49630282,45.57499998,3.199999936,113.8333333,305,9.97704918,3,1,41,615141.7078,479089.6,52.9166667,1729446.033,10252.3618,7984.826667,0.881944445,28824.10056,427.1817415,332.7011111,0.036747685,1201.00419,48.83686532,2.055737705,2,0,9,2,54,58,124,27,2,199,0,58,0,131,53,98,3,2,0,121,88,0,60,0,115,0,127,34,129,23,134,67,11,65,35,123,3,1,42,6.521311475,4,0,17,2.477941176,3,1,5
SARATOGA,36091,Saratoga,7,12,7,10,9,11,18,5,8,8,25,14,2,8,12,70,42,8,12,15,14,8,6,6,2,2,3,3,1,3,1,5,2,1,4,6,3,6,7,6,10,18,21,18,17,20,22,18,28,29,19,5,1,5,17,4,7,3,26,13,4,15,4,11,29,20,2,1,6,8,0,2,2,1,0,5,1,0,0,0,0,0,1,20,6,3,0,4,2,49.27613333,45.41666663,3.933333365,113.3,134,3.731343284,2,1,13,262423.4744,128297.3833,1429.7,1314924.65,4373.724574,2138.289722,23.82833333,21915.41083,182.2385239,89.09540509,0.992847222,913.1421181,49.74469729,2.111940299,2,0,11,10,13,19,39,10,13,63,7,3,1,59,1,39,5,0,0,43,10,0,11,0,36,0,49,7,26,1,47,2,14,39,18,48,2,0,0,4.73880597,4,0,11,2.47107438,3,1,5
SCHENECTADY,36093,Schenectady,18,16,14,7,33,13,25,10,7,4,13,14,3,4,13,86,68,14,21,14,13,14,9,5,5,0,0,2,2,4,6,4,2,7,9,9,2,7,7,12,6,24,26,27,31,22,19,25,48,37,29,6,0,4,22,4,12,7,31,19,5,14,3,12,36,23,3,2,7,8,0,4,3,1,0,14,1,0,0,1,0,1,0,34,18,12,7,4,4,49.4320911,47.83333337,1.733333333,114.8833333,174,2.902298851,2,1,9,163440.7149,47174.63333,11.35000006,480558.55,2724.011915,786.2438889,0.189166668,8009.309167,113.5004965,32.76016204,0.007881944,333.7212153,50.31264551,2.356321839,2,0,13,3,0,10,46,10,22,80,2,13,1,58,3,33,18,0,0,30,9,4,10,0,25,0,54,21,50,0,46,9,18,57,31,60,12,1,0,4.229885057,3,0,15,2.358974359,3,1,5
SCHOHARIE,36095,Schoharie,2,1,0,0,3,3,1,2,0,3,0,4,0,0,1,11,7,4,1,0,3,0,0,0,1,0,0,0,1,0,0,0,3,1,0,1,1,1,0,1,1,5,2,2,3,3,2,2,1,2,1,0,0,0,3,1,0,0,3,4,1,1,0,3,9,2,0,0,2,1,0,0,0,0,0,1,0,0,0,0,0,0,0,2,0,0,0,0,0,47.278125,49.49166663,7.249999968,102.0666667,19,3.947368421,1,1,8,148782.1833,148782.1833,148782.1833,148782.1833,2479.703056,2479.703056,2479.703056,2479.703056,103.3209606,103.3209606,103.3209606,103.3209606,48.4265432,1.894736842,2,1,5,0,0,0,10,1,0,1,0,0,0,10,0,11,1,0,0,1,0,0,2,0,3,0,10,1,1,0,9,0,0,2,0,2,0,0,0,3.421052632,4,1,5,3.117647059,3,1,5
SCHUYLER,36097,Schuyler,0,0,1,0,1,2,0,3,2,0,1,1,0,4,0,4,3,1,0,0,3,0,0,0,0,0,1,1,0,0,0,0,2,0,0,0,0,1,1,0,1,0,5,0,3,1,2,0,2,3,4,0,0,0,3,0,0,0,1,0,0,1,2,3,2,2,2,0,0,0,0,0,0,0,0,0,0,0,0,0,0,1,0,1,1,1,0,0,0,56.625,51.41666667,31.88333333,85.43333333,11,2.090909091,3,1,3,93502.19167,93502.19167,36182.75,150821.6333,1558.369861,1558.369861,603.0458333,2513.693889,64.93207755,64.93207755,25.12690972,104.7372454,55.96666667,2.636363636,2,1,7,0,0,0,3,0,0,4,0,0,0,1,0,0,0,0,0,1,4,0,0,0,7,0,2,0,6,0,2,3,1,1,1,7,0,3,0,4.181818182,4,1,7,1.666666667,1,1,3
SENECA,36099,Seneca,3,4,0,23,5,3,5,1,0,5,3,0,0,0,8,32,12,8,8,4,4,5,1,0,2,0,2,0,3,0,0,1,2,0,1,1,0,1,2,5,2,11,3,6,9,3,12,8,19,10,5,1,0,0,17,0,0,1,8,5,0,4,0,7,5,16,1,0,2,2,1,1,0,0,0,0,0,0,0,0,0,0,0,10,2,2,1,1,0,59.28787879,52.93333337,17.6166667,114.35,52,10,6,1,21,54419.68063,26278.81667,404.1,197161.45,906.9946772,437.9802778,6.735,3286.024167,37.79144488,18.24917824,0.280625,136.9176736,61.93186275,2.230769231,2,0,7,0,0,0,34,0,0,36,0,1,0,25,0,26,0,0,0,7,0,0,22,0,27,0,13,0,27,0,32,4,2,32,2,32,1,0,1,6.230769231,8,0,10,2.604651163,3,1,5
STEUBEN,36101,Steuben,35,21,25,18,34,38,34,19,25,18,35,37,7,29,64,132,107,33,27,25,37,27,24,11,5,6,1,3,4,2,5,11,9,11,15,11,9,11,20,14,18,53,50,49,38,51,43,55,97,106,41,11,4,10,63,5,8,11,62,32,3,42,9,31,43,67,10,6,8,20,4,8,4,1,0,13,0,3,0,2,1,2,0,90,60,52,40,25,12,52.84001142,52.32499998,1.9,115.1833333,339,6.525073746,3,1,25,300325.7079,89816.35,17.23333337,1147200.983,5005.428465,1496.939167,0.287222223,19120.01639,208.5595194,62.37246528,0.011967593,796.6673495,54.85476986,2.743362832,2,0,15,5,23,30,181,17,44,198,1,56,0,176,10,105,3,18,0,133,60,4,18,0,104,10,115,68,114,0,174,30,123,166,132,185,110,9,14,7.185840708,7,0,17,2.225165563,2,1,5
SUFFOLK,36103,Suffolk,388,310,359,338,415,429,503,226,240,236,341,286,76,380,629,1504,1482,314,372,390,356,273,223,106,73,33,26,25,38,58,90,117,118,148,131,163,151,198,196,232,240,627,628,592,543,580,498,603,1113,684,443,120,42,69,757,96,126,158,770,466,172,361,98,291,695,662,81,55,165,222,88,59,49,9,6,201,17,11,1,22,6,29,9,524,234,149,42,21,20,50.27917123,48.34999998,0.500000032,115.8,4071,9.463276836,3,1,80,400387.6216,264208.7083,7.333333302,1905360.583,6673.127026,4403.478472,0.122222222,31756.00972,278.0469594,183.4782697,0.005092593,1323.167072,51.01454657,2.1373127,2,0,13,216,139,241,2030,370,521,2361,51,721,40,2011,197,1535,432,19,25,1344,574,156,655,22,1272,31,1548,862,1268,48,2015,359,712,1461,876,1725,359,267,300,6.574060427,5,0,24,2.521394163,3,1,5
SULLIVAN,36105,Sullivan,20,14,13,4,10,5,22,13,12,18,14,40,21,34,38,46,46,15,26,18,14,10,9,4,3,0,3,1,0,2,5,4,5,5,4,5,9,11,9,11,12,32,19,20,20,36,27,31,55,27,31,12,7,9,24,7,2,7,33,12,4,19,5,13,21,27,0,0,8,7,1,2,1,0,0,5,1,1,0,0,0,0,1,10,6,5,1,0,0,52.18116883,48.40833333,3,115.6166667,185,8.945945946,4,1,24,304634.2772,234611.35,13.2833333,979722.4667,5077.237954,3910.189167,0.221388888,16328.70778,211.5515814,162.9245486,0.009224537,680.3628241,53.91809219,1.854054054,1,0,9,1,46,74,99,21,5,131,0,22,2,65,0,52,14,2,0,85,17,0,33,0,58,0,74,9,64,1,94,0,11,19,11,87,4,0,1,5.956756757,7,0,11,2.4,3,1,5
TIOGA,36107,Tioga,3,3,4,3,7,8,10,5,4,4,4,6,1,20,4,22,14,2,9,14,4,1,3,2,1,1,0,2,1,4,2,0,1,2,2,3,2,1,0,2,2,11,11,7,6,13,8,5,21,18,5,0,0,1,4,13,4,2,6,7,2,4,0,7,8,8,1,2,4,0,1,1,1,1,0,3,0,1,0,1,1,2,0,8,3,0,0,0,0,58.43611112,58.27499998,9.033333365,101.0333333,61,10.16393443,4,1,23,809583.7722,1390569.3,64.55000003,1390569.3,13493.06287,23176.155,1.075833334,23176.155,562.2109529,965.673125,0.044826389,965.673125,59.89058896,2.278688525,2,0,7,1,0,1,9,25,5,38,4,5,0,30,3,31,3,3,0,28,0,4,6,0,31,4,18,26,6,0,35,3,1,33,8,37,0,8,4,6.721311475,9,0,11,2.185185185,2.5,1,5
TOMPKINS,36109,Tompkins,44,29,23,18,29,33,35,17,14,33,36,32,0,25,40,163,115,27,23,36,26,14,13,9,6,4,7,4,3,9,6,9,13,18,15,12,14,17,14,22,22,54,51,53,47,39,51,48,85,76,49,10,3,17,83,3,6,11,58,33,6,34,8,32,74,70,10,8,13,18,4,6,5,0,0,13,3,1,0,2,1,1,0,65,31,18,6,11,7,50.25553728,47.425,2.25,114.6166666,343,6.093294461,4,1,21,218503.5031,114603.35,61.88333333,1480384.767,3641.725052,1910.055833,1.031388889,24673.07944,151.7385438,79.58565972,0.042974537,1028.044977,51.00028421,2.416909621,2,0,14,33,19,55,173,12,18,188,0,20,23,162,19,87,14,7,0,95,64,2,32,0,119,1,143,33,137,0,177,50,68,137,76,161,41,1,11,6.349854227,5,0,15,2.355263158,3,1,5
ULSTER,36111,Ulster,39,36,53,30,59,79,59,43,51,30,38,39,4,106,141,167,138,52,47,61,35,25,27,15,9,5,0,5,7,12,12,10,20,24,14,23,27,24,23,41,38,66,89,88,93,76,67,77,153,103,85,18,8,12,110,11,16,19,97,51,16,45,22,37,79,94,15,13,30,21,8,4,3,1,1,20,2,1,0,4,4,8,0,74,37,25,10,4,3,52.91531353,52.05,2.300000032,115.8166666,556,8.573741007,3,1,39,406478.6152,250627.2833,13.69999997,1534813.217,6774.643586,4177.121389,0.228333333,25580.22028,282.2768161,174.0467245,0.009513889,1065.842512,53.12490258,2.183453237,2,0,11,39,32,36,278,77,67,317,1,86,15,238,52,141,92,1,0,156,135,46,101,1,167,39,210,116,213,0,246,58,74,200,131,266,33,62,46,6.784172662,5,0,20,2.263858093,2,1,5
WARREN,36113,Warren,37,32,49,36,34,53,52,25,18,15,35,33,1,103,61,129,125,37,38,49,28,31,16,9,9,5,0,1,3,7,12,8,12,16,17,12,9,19,28,22,31,61,66,69,59,47,54,63,114,71,69,7,13,5,101,13,4,15,73,41,4,41,12,33,86,83,9,6,16,21,10,5,9,3,3,11,6,0,0,1,1,3,0,59,28,22,13,1,0,53.66491901,51.5,4.299999968,115.8,419,15.55131265,3,1,72,337598.6724,285565.15,26.4,926337.1,5626.64454,4759.419167,0.44,15438.95167,234.4435225,198.3091319,0.018333333,643.2896528,54.4326374,2.334128878,2,0,11,21,90,89,219,85,5,252,17,108,6,203,9,151,20,0,0,160,98,8,44,8,149,7,212,30,173,0,205,44,38,98,50,212,27,4,22,6.835322196,5,0,15,2.425474255,3,1,5
WASHINGTON,36115,Washington,0,0,0,0,0,0,0,0,0,0,0,1,0,0,0,1,0,0,0,0,0,0,0,0,1,0,0,0,0,0,0,0,0,0,0,0,0,0,0,0,0,0,0,1,0,0,0,0,0,0,0,0,0,0,0,0,0,0,0,0,0,0,0,1,0,0,0,0,0,1,0,0,0,0,0,0,0,0,0,0,0,0,0,0,0,0,0,0,0,15.21666667,15.21666667,15.21666667,15.21666667,1,1,1,1,1, , , , , , , , , , , , ,15.21666667,1,1,1,1,0,0,0,0,0,0,0,0,0,0,0,0,0,0,0,0,0,0,0,0,0,1,0,0,0,0,0,0,0,0,0,0,0,0,0,0,1,1,1,1,5,5,5,5
WAYNE,36117,Wayne,16,4,7,15,24,26,29,8,19,21,6,13,7,10,20,72,79,11,14,14,12,10,5,2,4,3,0,2,2,5,8,13,6,4,12,6,12,5,9,14,15,31,28,38,30,23,15,23,45,46,24,2,4,8,31,8,4,3,36,12,10,26,6,18,20,31,4,0,7,10,2,1,3,1,0,10,0,4,2,0,2,3,0,32,22,13,9,5,1,51.86101532,49.09999998,2.533333333,115.0833333,188,5.590425532,3.5,1,19,70457.49288,21683.06667,75.0333334,651535.8333,1174.291548,361.3844444,1.250555557,10858.93056,48.9288145,15.05768519,0.052106482,452.4554398,52.36252091,2.372340426,2,0,12,10,11,23,77,17,5,98,2,4,0,87,0,48,44,20,11,71,21,0,27,0,57,21,39,34,54,0,79,13,43,63,46,76,17,4,3,5.984042553,4,0,16,2.2375,2,1,5
WESTCHESTER,36119,Westchester,174,179,227,177,168,230,264,89,106,153,183,177,30,172,331,873,721,138,168,195,167,157,128,67,37,22,17,18,29,39,37,48,55,68,79,96,90,98,112,116,146,328,345,291,282,288,301,292,576,356,188,76,20,29,458,36,62,51,389,265,55,195,59,151,371,383,34,41,85,101,55,38,21,11,1,104,20,5,1,10,1,16,7,277,112,74,20,12,8,50.30077824,48.49166668,1.083333302,115.4333333,2127,9.631405736,3,1,68,497815.116,403167.1833,14.50000003,1843877.6,8296.9186,6719.453056,0.241666667,30731.29333,345.7049417,279.9772106,0.010069444,1280.470556,50.91542238,2.133991537,2,0,11,69,115,83,1117,244,215,1245,58,266,46,979,131,776,227,7,1,699,401,29,295,1,615,1,850,487,545,48,1077,98,188,680,306,820,49,84,229,6.149976493,5,0,17,2.568817204,3,1,5
WYOMING,36121,Wyoming,0,1,1,11,4,1,5,1,2,4,2,0,0,0,4,18,10,4,1,5,2,0,3,0,0,1,0,0,1,1,0,2,0,1,2,0,1,4,2,0,2,10,4,1,4,5,1,7,15,12,1,0,0,0,8,1,0,1,2,1,0,2,2,6,7,7,1,0,1,1,2,0,0,0,0,0,0,0,1,0,0,0,0,9,3,1,1,0,0,51.31034483,46.40000003,13.68333333,108.2833334,32,3.1875,3,1,7,33708.94365,19071.96667,1352.75,86426.08333,561.8157275,317.8661111,22.54583333,1440.434722,23.40898865,13.2444213,0.939409722,60.01811343,50.88001793,2.625,2,1,7,0,0,0,16,4,0,17,0,1,0,8,0,7,0,0,4,7,2,0,7,0,8,0,11,0,4,0,16,1,4,14,11,15,4,0,4,5.15625,4.5,1,10,2.366666667,3,1,5
YATES,36123,Yates,2,3,1,6,3,2,2,0,0,3,2,1,0,0,0,7,18,1,4,2,1,4,1,0,2,1,0,0,0,0,0,2,2,0,1,2,0,0,2,0,0,6,2,4,2,6,2,3,5,3,1,1,1,2,4,0,2,5,4,3,0,2,0,2,3,3,0,2,0,2,0,1,4,0,0,3,0,2,0,0,0,0,0,1,0,0,0,0,0,48.57999999,46.03333333,6.15,92.8833333,25,4.12,3,1,8,118881.5456,54179.73333,2423.733333,252230.4667,1981.359094,902.9955556,40.39555556,4203.841111,82.5566289,37.62481481,1.683148148,175.1600463,48.57999999,2.08,2,0,6,12,8,8,10,0,6,17,0,10,0,9,7,7,0,2,0,4,0,0,0,0,3,0,11,7,3,0,10,0,0,1,0,4,0,0,0,5.56,6,0,8,2.391304348,3,1,5
,,,,,,,,,,,,,,,,,,,,,,,,,,,,,,,,,,,,,,,,,,,,,,,,,,,,,,,,,,,,,,,,,,,,,,,,,,,,,,,,,,,,,,,,,,,,,,,,,,,,,,,,,,,,,,,,,,,,,,,,,,,,,,,,,,,,,,,,,,,,,,,,,,,,,,,,,,,,,,,,,
,,,,,,,,,,,,,,,,,,,,,,,,,,,,,,,,,,,,,,,,,,,,,,,,,,,,,,,,,,,,,,,,,,,,,,,,,,,,,,,,,,,,,,,,,,,,,,,,,,,,,,,,,,,,,,,,,,,,,,,,,,,,,,,,,,,,,,,,,,,,,,,,,,,,,,,,,,,,,,,,,